source,seed,n_estimators,oob_score,test_accuracy,test_macro_f1,test_weighted_f1,f1_glioma,f1_meningioma,f1_no_tumor,f1_pituitary,experiment
rf_tree_growth,0,25,0.7767565359477124,0.765,0.774150682544074,0.7560509556492715,0.7364016736401674,0.6243194192377496,0.8925081433224755,0.8433734939759037,baseline
rf_tree_growth,0,50,0.8231209150326797,0.794,0.801726404621842,0.7855356920608683,0.775,0.6666666666666666,0.9055374592833876,0.8597014925373134,baseline
rf_tree_growth,0,100,0.852328431372549,0.803,0.8121146642259387,0.7958553046879338,0.7813163481953291,0.6761565836298933,0.9174917491749175,0.8734939759036144,baseline
rf_tree_growth,0,200,0.8676470588235294,0.809,0.8189465159883431,0.8023871813381995,0.7763713080168776,0.6878306878306878,0.9297658862876255,0.8818181818181818,baseline
rf_tree_growth,0,300,0.8725490196078431,0.806,0.8154866868668593,0.7989571943266048,0.7796610169491526,0.6820603907637656,0.9240924092409241,0.8761329305135952,baseline
rf_tree_growth,0,400,0.8747957516339869,0.814,0.8229821024980086,0.8077846929703887,0.7855626326963907,0.6994727592267135,0.9240924092409241,0.882800608828006,baseline
rf_tree_growth,0,500,0.8766339869281046,0.809,0.8177438267710266,0.8025552296529206,0.7725321888412017,0.6945898778359512,0.9210526315789473,0.882800608828006,baseline
rf_tree_growth,1,25,0.7675653594771242,0.766,0.7756620716171209,0.7591071745421991,0.7334754797441365,0.6352530541012217,0.8859934853420195,0.847926267281106,baseline
rf_tree_growth,1,50,0.8245506535947712,0.788,0.7954062570298363,0.7817623504495174,0.7581699346405228,0.671280276816609,0.8867313915857605,0.8654434250764526,baseline
rf_tree_growth,1,100,0.8535539215686274,0.8,0.8082109374872561,0.7940622800555804,0.7645788336933045,0.6944444444444444,0.9049180327868852,0.8689024390243902,baseline
rf_tree_growth,1,200,0.8696895424836601,0.804,0.8121978958791519,0.7981861787288327,0.7758620689655172,0.687392055267703,0.9055374592833876,0.88,baseline
rf_tree_growth,1,300,0.8735702614379085,0.809,0.8182637638280711,0.8029808566283211,0.776824034334764,0.6944444444444444,0.9210526315789473,0.8807339449541285,baseline
rf_tree_growth,1,400,0.8719362745098039,0.809,0.8179793725826118,0.8028622390817746,0.782051282051282,0.6910994764397905,0.9180327868852459,0.8807339449541285,baseline
rf_tree_growth,1,500,0.8743872549019608,0.806,0.8161530239374003,0.7999271115799768,0.776824034334764,0.688695652173913,0.9240924092409241,0.875,baseline
rf_tree_growth,2,25,0.7845179738562091,0.779,0.7868012562215883,0.7718296168045501,0.7420042643923241,0.6514886164623468,0.8881789137380192,0.865533230293663,baseline
rf_tree_growth,2,50,0.8347630718954249,0.796,0.8033403331833768,0.7894759564438637,0.7612903225806451,0.6794425087108014,0.8974358974358975,0.8751926040061633,baseline
rf_tree_growth,2,100,0.8555964052287581,0.81,0.8204765092612626,0.8042236927474699,0.776824034334764,0.7038327526132404,0.9302325581395349,0.8710166919575114,baseline
rf_tree_growth,2,200,0.8670343137254902,0.801,0.809857675889734,0.794107520095366,0.7698924731182796,0.6830985915492958,0.9150326797385621,0.8714069591527988,baseline
rf_tree_growth,2,300,0.8705065359477124,0.812,0.8209874742288092,0.8060589722643637,0.782051282051282,0.7027972027972028,0.9210526315789473,0.8780487804878049,baseline
rf_tree_growth,2,400,0.8719362745098039,0.81,0.8194833669455694,0.8036628908730372,0.7829787234042553,0.6924428822495606,0.9240924092409241,0.878419452887538,baseline
rf_tree_growth,2,500,0.8729575163398693,0.811,0.8198047788192081,0.8049614972251053,0.7846481876332623,0.6958041958041958,0.9180327868852459,0.8807339449541285,baseline
rf_tree_growth,3,25,0.7773692810457516,0.79,0.7999379059642223,0.7827794440471422,0.7468354430379747,0.6678445229681979,0.9174917491749175,0.867579908675799,baseline
rf_tree_growth,3,50,0.8214869281045751,0.804,0.8121355890518261,0.7974431864605679,0.7612903225806451,0.6875,0.9139072847682119,0.8858447488584474,baseline
rf_tree_growth,3,100,0.8535539215686274,0.797,0.8058864810763235,0.7902542015349122,0.7629310344827587,0.671304347826087,0.9108910891089109,0.878419452887538,baseline
rf_tree_growth,3,200,0.8639705882352942,0.81,0.8176641428695376,0.8039793998098487,0.7732181425485961,0.697754749568221,0.9114754098360656,0.888208269525268,baseline
rf_tree_growth,3,300,0.8680555555555556,0.803,0.8128336447232563,0.7958470131681232,0.7669491525423728,0.6784452296819788,0.9271523178807947,0.8787878787878788,baseline
rf_tree_growth,3,400,0.8739787581699346,0.803,0.8136557886557887,0.796153069153069,0.7606837606837606,0.6818181818181818,0.9333333333333333,0.8787878787878788,baseline
rf_tree_growth,3,500,0.8735702614379085,0.805,0.8155274364197651,0.7985679629552271,0.7682403433476395,0.6852173913043478,0.9302325581395349,0.878419452887538,baseline
rf_tree_growth,4,25,0.7702205882352942,0.784,0.794404996799132,0.7765178123695077,0.7303609341825902,0.6714031971580817,0.92,0.8558558558558559,baseline
rf_tree_growth,4,50,0.818218954248366,0.814,0.8219249190624638,0.8077531191981836,0.7605042016806722,0.7135325131810193,0.9240924092409241,0.8895705521472392,baseline
rf_tree_growth,4,100,0.8472222222222222,0.805,0.8146361600914269,0.7979439891323789,0.7589098532494759,0.6879432624113475,0.9302325581395349,0.8814589665653495,baseline
rf_tree_growth,4,200,0.8639705882352942,0.806,0.8147048702493815,0.7994330800915134,0.7708779443254818,0.6888111888111889,0.9180327868852459,0.8810975609756098,baseline
rf_tree_growth,4,300,0.8662173202614379,0.808,0.8174551044831966,0.8011104982223898,0.774468085106383,0.6890459363957597,0.9271523178807947,0.879154078549849,baseline
rf_tree_growth,4,400,0.8739787581699346,0.809,0.8186394188646534,0.8021596166635104,0.773784355179704,0.6914893617021277,0.9297658862876255,0.8795180722891566,baseline
rf_tree_growth,4,500,0.8766339869281046,0.811,0.820076048115849,0.8043924825650718,0.773784355179704,0.6936619718309859,0.9266666666666666,0.8861911987860395,baseline
rf_tree_growth,5,25,0.7781862745098039,0.799,0.807998712287889,0.7932933967689726,0.7708333333333334,0.6866197183098591,0.9060402684563759,0.8685015290519877,baseline
rf_tree_growth,5,50,0.8282271241830066,0.811,0.8206968825213221,0.8053493463279104,0.7822410147991543,0.6980802792321117,0.9230769230769231,0.8793893129770992,baseline
rf_tree_growth,5,100,0.8566176470588235,0.805,0.8158049239275013,0.7993236897242962,0.7617021276595745,0.6931034482758621,0.9297658862876255,0.8786482334869432,baseline
rf_tree_growth,5,200,0.8637663398692811,0.808,0.8185749642808455,0.8019371024631113,0.7754237288135594,0.6923076923076923,0.9302325581395349,0.8763358778625954,baseline
rf_tree_growth,5,300,0.8682598039215687,0.804,0.8147389381751794,0.7978465337868449,0.7639484978540773,0.6897746967071057,0.9302325581395349,0.875,baseline
rf_tree_growth,5,400,0.8713235294117647,0.808,0.8189889637601638,0.8016267727423303,0.7711864406779662,0.6912280701754386,0.9364548494983278,0.8770864946889226,baseline
rf_tree_growth,5,500,0.8737745098039216,0.805,0.8166241504682081,0.7987607176879185,0.7711864406779662,0.6865148861646234,0.9364548494983278,0.8723404255319149,baseline
rf_tree_growth,6,25,0.764297385620915,0.787,0.7927960167955026,0.7794128096440179,0.7599164926931107,0.6630630630630631,0.8810289389067524,0.867175572519084,baseline
rf_tree_growth,6,50,0.8204656862745098,0.801,0.8101436673617153,0.7936265743963767,0.7659574468085106,0.6761061946902654,0.9210526315789473,0.8774583963691377,baseline
rf_tree_growth,6,100,0.8486519607843137,0.806,0.8147661387572395,0.7992984565906577,0.7854077253218884,0.6855123674911661,0.9150326797385621,0.8731117824773413,baseline
rf_tree_growth,6,200,0.8631535947712419,0.801,0.810079481165273,0.7940779331725168,0.7658643326039387,0.6829268292682927,0.9180327868852459,0.8734939759036144,baseline
rf_tree_growth,6,300,0.8705065359477124,0.8,0.8089726358724033,0.793364667678117,0.7629310344827587,0.6829268292682927,0.9150326797385621,0.875,baseline
rf_tree_growth,6,400,0.8711192810457516,0.804,0.813403594684335,0.7975024912248407,0.7682403433476395,0.68760907504363,0.9210526315789473,0.8767123287671232,baseline
rf_tree_growth,6,500,0.8743872549019608,0.805,0.8156371232177034,0.7987204566779708,0.7682403433476395,0.688695652173913,0.9302325581395349,0.8753799392097265,baseline
rf_tree_growth,7,25,0.7794117647058824,0.779,0.7850417677782494,0.771460351581339,0.7442827442827443,0.6511627906976745,0.8766233766233766,0.8680981595092024,baseline
rf_tree_growth,7,50,0.8286356209150327,0.807,0.815197862388821,0.801237720376935,0.7623126338329764,0.7,0.9133333333333333,0.885145482388974,baseline
rf_tree_growth,7,100,0.8504901960784313,0.803,0.8120247128996947,0.79692173129603,0.7695652173913043,0.6862068965517242,0.9139072847682119,0.878419452887538,baseline
rf_tree_growth,7,200,0.8649918300653595,0.807,0.8158224471840715,0.8008269504975831,0.7735042735042735,0.688695652173913,0.9169435215946844,0.8841463414634146,baseline
rf_tree_growth,7,300,0.8686683006535948,0.813,0.8211066996769966,0.8071616186846752,0.7854077253218884,0.6979166666666666,0.9139072847682119,0.8871951219512195,baseline
rf_tree_growth,7,400,0.8727532679738562,0.816,0.8252860135106979,0.8100784233204368,0.7854077253218884,0.7013888888888888,0.9271523178807947,0.8871951219512195,baseline
rf_tree_growth,7,500,0.8752042483660131,0.813,0.8225383854327484,0.8066918723280612,0.7863247863247863,0.6935201401050788,0.9271523178807947,0.8831562974203339,baseline
rf_tree_growth,8,25,0.7781862745098039,0.77,0.7751289335664335,0.761026083916084,0.7375,0.6327272727272727,0.86875,0.8615384615384616,baseline
rf_tree_growth,8,50,0.8280228758169934,0.798,0.8050499971878374,0.7911858618208119,0.7610993657505285,0.6807760141093474,0.8996763754045307,0.8786482334869432,baseline
rf_tree_growth,8,100,0.8533496732026143,0.8,0.809533908593522,0.7933166595508415,0.7483870967741936,0.6793103448275862,0.9235880398671097,0.8868501529051988,baseline
rf_tree_growth,8,200,0.8703022875816994,0.803,0.8114002665794817,0.7959586223108733,0.7796610169491526,0.6785079928952042,0.9120521172638436,0.8753799392097265,baseline
rf_tree_growth,8,300,0.8719362745098039,0.802,0.8102220938775062,0.7948185762680204,0.7633262260127932,0.6783831282952548,0.9150326797385621,0.8841463414634146,baseline
rf_tree_growth,8,400,0.8764297385620915,0.802,0.8104839152612342,0.7954646908225654,0.7569892473118279,0.6851211072664359,0.9150326797385621,0.8847926267281107,baseline
rf_tree_growth,8,500,0.8762254901960784,0.803,0.810596484740759,0.7966928244580657,0.7645788336933045,0.6885813148788927,0.9061488673139159,0.8830769230769231,baseline
rf_tree_growth,9,25,0.7753267973856209,0.79,0.7984865039310788,0.7829841323022283,0.7640918580375783,0.6666666666666666,0.9003215434083601,0.8628659476117103,baseline
rf_tree_growth,9,50,0.8288398692810458,0.797,0.8066153932708076,0.7899422479490691,0.7662337662337663,0.6748681898066784,0.9174917491749175,0.8678678678678678,baseline
rf_tree_growth,9,100,0.8519199346405228,0.797,0.8069440562857285,0.7893175479493352,0.7547974413646056,0.6749555950266429,0.9271523178807947,0.8708708708708709,baseline
rf_tree_growth,9,200,0.8690767973856209,0.804,0.8140875640242129,0.797584243495722,0.7652173913043478,0.6909722222222222,0.9266666666666666,0.8734939759036144,baseline
rf_tree_growth,9,300,0.8688725490196079,0.796,0.8051498296261016,0.7889747711921065,0.7592190889370932,0.6724738675958188,0.9144736842105263,0.8744326777609682,baseline
rf_tree_growth,9,400,0.8715277777777778,0.801,0.809802775306538,0.7943673493268779,0.7645788336933045,0.6817391304347826,0.9144736842105263,0.878419452887538,baseline
rf_tree_growth,9,500,0.8735702614379085,0.801,0.8107313491214713,0.7943158427733082,0.7668845315904139,0.6805555555555556,0.9210526315789473,0.8744326777609682,baseline
