model,kimg,fid,precision,recall,tier,composite_score
glioma_ax,0,293.19,0.0,0.0,FAIR,0.0
glioma_ax,48,260.7091,0.0,0.0,FAIR,0.0
glioma_ax,96,113.6829,0.00792,0.0,FAIR,0.00396
glioma_ax,144,66.3698,0.07314,0.0,GOOD,0.03657
glioma_ax,192,47.6653,0.14052,0.015228,EXCELLENT,0.077874
glioma_ax,240,39.987,0.23268,0.035533,EXCELLENT,0.1341065
glioma_ax,288,32.6403,0.34328,0.043147,EXCELLENT,0.19321349999999998
glioma_ax,336,30.4444,0.4227,0.050761,EXCELLENT,0.2367305
glioma_ax,384,30.0033,0.37516,0.083756,EXCELLENT,0.229458
glioma_ax,432,28.664,0.40264,0.076142,EXTRAORDINARY,0.239391
glioma_ax,480,28.3857,0.4568,0.111675,EXTRAORDINARY,0.2842375
glioma_ax,528,27.2317,0.42444,0.096447,EXTRAORDINARY,0.2604435
glioma_ax,576,27.0108,0.44668,0.088832,EXTRAORDINARY,0.267756
glioma_ax,624,26.3066,0.45866,0.106599,EXTRAORDINARY,0.2826295
glioma_ax,672,25.6259,0.46672,0.076142,EXTRAORDINARY,0.27143100000000003
glioma_ax,720,26.4021,0.44746,0.091371,EXTRAORDINARY,0.26941550000000003
glioma_ax,768,27.213,0.46752,0.071066,EXTRAORDINARY,0.269293
glioma_ax,816,25.7123,0.46642,0.081218,EXTRAORDINARY,0.273819
glioma_ax,864,26.3282,0.50208,0.081218,EXTRAORDINARY,0.291649
glioma_ax,912,25.9397,0.51608,0.076142,EXTRAORDINARY,0.296111
glioma_ax,960,25.3603,0.5128,0.086294,EXTRAORDINARY,0.299547
glioma_ax,1000,25.1736,0.51894,0.083756,EXTRAORDINARY,0.30134799999999995
glioma_co,0,350.1856,0.0,0.0,FAIR,0.0
glioma_co,48,222.2925,0.0,0.0,FAIR,0.0
glioma_co,96,102.9935,0.16692,0.0,FAIR,0.08346
glioma_co,144,58.4886,0.28966,0.002326,GOOD,0.14599299999999998
glioma_co,192,44.0738,0.53028,0.013953,EXCELLENT,0.2721165
glioma_co,240,37.0923,0.58128,0.034884,EXCELLENT,0.308082
glioma_co,288,36.0726,0.60932,0.046512,EXCELLENT,0.327916
glioma_co,336,35.2673,0.61784,0.081395,EXCELLENT,0.34961749999999997
glioma_co,384,35.1282,0.58918,0.060465,EXCELLENT,0.3248225
glioma_co,432,34.9133,0.57566,0.051163,EXCELLENT,0.31341149999999995
glioma_co,480,35.9912,0.54712,0.044186,EXCELLENT,0.29565300000000005
glioma_co,528,37.0328,0.51428,0.046512,EXCELLENT,0.280396
glioma_co,576,38.3601,0.51614,0.048837,EXCELLENT,0.28248850000000003
glioma_co,624,38.4529,0.51678,0.062791,EXCELLENT,0.28978550000000003
glioma_co,672,41.5552,0.51038,0.04186,EXCELLENT,0.27612
glioma_co,720,38.7217,0.50874,0.04186,EXCELLENT,0.2753
glioma_co,768,42.8442,0.50214,0.044186,EXCELLENT,0.27316300000000004
glioma_co,816,40.2371,0.5034,0.044186,EXCELLENT,0.27379299999999995
glioma_co,864,41.5508,0.49768,0.030233,EXCELLENT,0.2639565
glioma_co,912,40.8524,0.49136,0.030233,EXCELLENT,0.2607965
glioma_co,960,42.2758,0.49668,0.027907,EXCELLENT,0.2622935
glioma_co,1000,42.7746,0.48574,0.032558,EXCELLENT,0.259149
glioma_sa,0,332.8345,0.0,0.0,FAIR,0.0
glioma_sa,48,240.8987,0.0,0.0,FAIR,0.0
glioma_sa,96,107.5516,0.17572,0.0,FAIR,0.08786
glioma_sa,144,69.0396,0.38922,0.006192,GOOD,0.197706
glioma_sa,192,53.3971,0.52596,0.01548,GOOD,0.27072
glioma_sa,240,53.0525,0.56932,0.027864,GOOD,0.298592
glioma_sa,288,54.352,0.48834,0.01548,GOOD,0.25191
glioma_sa,336,54.2763,0.48418,0.043344,GOOD,0.263762
glioma_sa,384,58.6492,0.39476,0.040248,GOOD,0.217504
glioma_sa,432,62.3199,0.3823,0.024768,GOOD,0.203534
glioma_sa,480,65.8375,0.31752,0.012384,GOOD,0.16495200000000002
glioma_sa,528,70.0201,0.25894,0.009288,GOOD,0.134114
glioma_sa,576,72.8118,0.25264,0.0,GOOD,0.12632
glioma_sa,624,74.3133,0.23218,0.006192,GOOD,0.119186
glioma_sa,672,75.6302,0.22938,0.0,FAIR,0.11469
glioma_sa,720,75.5371,0.21186,0.012384,FAIR,0.112122
glioma_sa,768,72.5348,0.23934,0.012384,GOOD,0.125862
glioma_sa,816,75.6569,0.22664,0.006192,FAIR,0.116416
glioma_sa,864,78.6869,0.18168,0.003096,FAIR,0.092388
glioma_sa,912,77.9361,0.21488,0.003096,FAIR,0.10898799999999999
glioma_sa,960,78.461,0.19538,0.003096,FAIR,0.09923799999999999
glioma_sa,1000,70.9891,0.2652,0.012384,GOOD,0.138792
meningioma_ax,0,306.4737,0.0,0.0,FAIR,0.0
meningioma_ax,48,215.2323,8e-05,0.0,FAIR,4e-05
meningioma_ax,96,103.3367,0.18864,0.0,FAIR,0.09432
meningioma_ax,144,74.5185,0.21448,0.0,GOOD,0.10724
meningioma_ax,192,52.9758,0.3195,0.0,GOOD,0.15975
meningioma_ax,240,46.8305,0.43722,0.004728,EXCELLENT,0.220974
meningioma_ax,288,45.068,0.47966,0.018913,EXCELLENT,0.2492865
meningioma_ax,336,39.8907,0.5136,0.026005,EXCELLENT,0.26980249999999995
meningioma_ax,384,39.1542,0.53028,0.026005,EXCELLENT,0.27814249999999996
meningioma_ax,432,38.3729,0.52346,0.044917,EXCELLENT,0.2841885
meningioma_ax,480,38.5997,0.5932,0.042553,EXCELLENT,0.31787649999999995
meningioma_ax,528,39.8215,0.55604,0.037825,EXCELLENT,0.2969325
meningioma_ax,576,39.1608,0.56402,0.044917,EXCELLENT,0.3044685
meningioma_ax,624,38.8824,0.57704,0.037825,EXCELLENT,0.3074325
meningioma_ax,672,37.2607,0.58924,0.049645,EXCELLENT,0.3194425
meningioma_ax,720,38.4222,0.5572,0.044917,EXCELLENT,0.3010585
meningioma_ax,768,36.5363,0.59224,0.049645,EXCELLENT,0.3209425
meningioma_ax,816,35.7542,0.59026,0.037825,EXCELLENT,0.3140425
meningioma_ax,864,37.227,0.60864,0.047281,EXCELLENT,0.3279605
meningioma_ax,912,35.6795,0.6207,0.040189,EXCELLENT,0.33044450000000003
meningioma_ax,960,36.0009,0.61874,0.047281,EXCELLENT,0.3330105
meningioma_ax,1000,36.1061,0.60656,0.056738,EXCELLENT,0.33164899999999997
meningioma_co,0,368.9525,0.0,0.0,FAIR,0.0
meningioma_co,48,320.5563,0.0,0.0,FAIR,0.0
meningioma_co,96,122.434,0.04014,0.0,FAIR,0.02007
meningioma_co,144,72.6318,0.2592,0.0,GOOD,0.1296
meningioma_co,192,53.4081,0.42132,0.021127,GOOD,0.2212235
meningioma_co,240,54.1796,0.42432,0.035211,GOOD,0.22976549999999998
meningioma_co,288,55.958,0.36476,0.028169,GOOD,0.1964645
meningioma_co,336,55.5922,0.31374,0.070423,GOOD,0.19208150000000002
meningioma_co,384,54.7875,0.3511,0.035211,GOOD,0.1931555
meningioma_co,432,55.4638,0.33878,0.042254,GOOD,0.19051700000000002
meningioma_co,480,54.1058,0.33202,0.044601,GOOD,0.1883105
meningioma_co,528,55.4752,0.31734,0.028169,GOOD,0.1727545
meningioma_co,576,58.2649,0.31686,0.028169,GOOD,0.1725145
meningioma_co,624,55.9364,0.3313,0.018779,GOOD,0.1750395
meningioma_co,672,57.6902,0.33336,0.011737,GOOD,0.1725485
meningioma_co,720,56.7626,0.34364,0.004695,GOOD,0.1741675
meningioma_co,768,58.6505,0.3007,0.016432,GOOD,0.158566
meningioma_co,816,58.6417,0.32584,0.021127,GOOD,0.1734835
meningioma_co,864,58.5008,0.33284,0.007042,GOOD,0.169941
meningioma_co,912,58.4075,0.30528,0.00939,GOOD,0.157335
meningioma_co,960,58.5591,0.31954,0.018779,GOOD,0.1691595
meningioma_co,1000,64.1289,0.31892,0.018779,GOOD,0.16884949999999999
meningioma_sa,0,348.2759,0.0,0.0,FAIR,0.0
meningioma_sa,48,266.8946,0.0,0.0,FAIR,0.0
meningioma_sa,96,100.9297,0.06488,0.0,FAIR,0.03244
meningioma_sa,144,57.4453,0.25996,0.0,GOOD,0.12998
meningioma_sa,192,47.7098,0.3951,0.010417,EXCELLENT,0.2027585
meningioma_sa,240,43.9283,0.49306,0.022917,EXCELLENT,0.2579885
meningioma_sa,288,45.002,0.395,0.0375,EXCELLENT,0.21625
meningioma_sa,336,44.9922,0.41204,0.0375,EXCELLENT,0.22477
meningioma_sa,384,46.5982,0.39702,0.03125,EXCELLENT,0.214135
meningioma_sa,432,48.6502,0.4182,0.04375,EXCELLENT,0.230975
meningioma_sa,480,51.2047,0.33212,0.020833,GOOD,0.1764765
meningioma_sa,528,54.1456,0.32556,0.025,GOOD,0.17528000000000002
meningioma_sa,576,55.6031,0.34066,0.025,GOOD,0.18283000000000002
meningioma_sa,624,57.3313,0.3154,0.01875,GOOD,0.167075
meningioma_sa,672,54.3565,0.33824,0.03125,GOOD,0.184745
meningioma_sa,720,57.099,0.32762,0.03125,GOOD,0.179435
meningioma_sa,768,58.0607,0.28766,0.022917,GOOD,0.15528850000000002
meningioma_sa,816,61.1217,0.26868,0.029167,GOOD,0.1489235
meningioma_sa,864,59.3735,0.26796,0.025,GOOD,0.14648
meningioma_sa,912,61.4008,0.26636,0.020833,GOOD,0.1435965
meningioma_sa,960,61.9029,0.25782,0.016667,GOOD,0.1372435
meningioma_sa,1000,61.1336,0.2697,0.022917,GOOD,0.1463085
no_tumor_ax,0,298.4057,0.0,0.0,FAIR,0.0
no_tumor_ax,48,158.6613,0.0002,0.0,FAIR,0.0001
no_tumor_ax,96,137.4168,0.05804,0.0,FAIR,0.02902
no_tumor_ax,144,79.3673,0.167,0.002841,FAIR,0.08492050000000001
no_tumor_ax,192,64.4247,0.23436,0.014205,GOOD,0.1242825
no_tumor_ax,240,56.0677,0.3347,0.082386,GOOD,0.208543
no_tumor_ax,288,54.9749,0.32104,0.056818,GOOD,0.18892899999999999
no_tumor_ax,336,51.5132,0.3089,0.0625,GOOD,0.1857
no_tumor_ax,384,51.0998,0.34004,0.088068,GOOD,0.214054
no_tumor_ax,432,50.3085,0.34392,0.073864,GOOD,0.208892
no_tumor_ax,480,51.3963,0.32644,0.079545,GOOD,0.20299250000000002
no_tumor_ax,528,49.2125,0.29548,0.048295,EXCELLENT,0.1718875
no_tumor_ax,576,48.4635,0.30078,0.065341,EXCELLENT,0.1830605
no_tumor_ax,624,47.6251,0.30254,0.056818,EXCELLENT,0.17967899999999998
no_tumor_ax,672,48.2826,0.34462,0.076705,EXCELLENT,0.21066249999999997
no_tumor_ax,720,46.9414,0.31978,0.073864,EXCELLENT,0.196822
no_tumor_ax,768,46.8389,0.33496,0.051136,EXCELLENT,0.193048
no_tumor_ax,816,47.7622,0.32628,0.053977,EXCELLENT,0.1901285
no_tumor_ax,864,47.6522,0.32566,0.025568,EXCELLENT,0.175614
no_tumor_ax,912,47.0482,0.28756,0.045455,EXCELLENT,0.1665075
no_tumor_ax,960,47.5954,0.31734,0.036932,EXCELLENT,0.17713600000000002
no_tumor_ax,1000,46.5764,0.31112,0.036932,EXCELLENT,0.17402600000000001
no_tumor_co,0,330.0294,0.0,0.0,FAIR,0.0
no_tumor_co,48,261.6925,0.0,0.0,FAIR,0.0
no_tumor_co,96,133.8943,0.00722,0.0,FAIR,0.00361
no_tumor_co,144,73.5108,0.28298,0.003226,GOOD,0.143103
no_tumor_co,192,55.3393,0.44466,0.0,GOOD,0.22233
no_tumor_co,240,54.645,0.44682,0.006452,GOOD,0.226636
no_tumor_co,288,51.8432,0.48392,0.009677,GOOD,0.2467985
no_tumor_co,336,55.5502,0.46038,0.022581,GOOD,0.24148050000000001
no_tumor_co,384,58.509,0.46598,0.003226,GOOD,0.234603
no_tumor_co,432,59.5024,0.44404,0.006452,GOOD,0.225246
no_tumor_co,480,56.8299,0.42948,0.003226,GOOD,0.216353
no_tumor_co,528,60.9554,0.39112,0.0,GOOD,0.19556
no_tumor_co,576,59.121,0.40508,0.012903,GOOD,0.2089915
no_tumor_co,624,62.3945,0.3708,0.003226,GOOD,0.187013
no_tumor_co,672,65.4003,0.3585,0.016129,GOOD,0.1873145
no_tumor_co,720,67.4968,0.32298,0.009677,GOOD,0.1663285
no_tumor_co,768,68.9449,0.29454,0.003226,GOOD,0.14888300000000002
no_tumor_co,816,70.6266,0.26618,0.009677,GOOD,0.1379285
no_tumor_co,864,72.0209,0.27076,0.003226,GOOD,0.136993
no_tumor_co,912,68.2276,0.31088,0.003226,GOOD,0.157053
no_tumor_co,960,67.6533,0.2684,0.0,GOOD,0.1342
no_tumor_co,1000,70.0405,0.26712,0.009677,GOOD,0.1383985
no_tumor_sa,0,341.4874,0.0,0.0,FAIR,0.0
no_tumor_sa,48,261.7988,0.0,0.0,FAIR,0.0
no_tumor_sa,96,110.0019,0.0259,0.0,FAIR,0.01295
no_tumor_sa,144,67.4886,0.14346,0.0,GOOD,0.07173
no_tumor_sa,192,51.4084,0.33098,0.007407,GOOD,0.1691935
no_tumor_sa,240,48.8971,0.33056,0.034568,EXCELLENT,0.182564
no_tumor_sa,288,50.357,0.28324,0.014815,GOOD,0.1490275
no_tumor_sa,336,51.6675,0.31298,0.024691,GOOD,0.1688355
no_tumor_sa,384,58.2108,0.26188,0.012346,GOOD,0.137113
no_tumor_sa,432,57.8688,0.231,0.009877,GOOD,0.1204385
no_tumor_sa,480,63.9262,0.2241,0.012346,GOOD,0.118223
no_tumor_sa,528,61.1541,0.18856,0.017284,GOOD,0.102922
no_tumor_sa,576,64.8042,0.17688,0.014815,GOOD,0.0958475
no_tumor_sa,624,63.93,0.15902,0.009877,GOOD,0.0844485
no_tumor_sa,672,66.5918,0.14454,0.007407,GOOD,0.0759735
no_tumor_sa,720,73.2398,0.15748,0.007407,GOOD,0.0824435
no_tumor_sa,768,68.6083,0.1224,0.014815,GOOD,0.0686075
no_tumor_sa,816,78.9769,0.1038,0.002469,FAIR,0.0531345
no_tumor_sa,864,76.6876,0.10122,0.004938,FAIR,0.053079
no_tumor_sa,912,75.5987,0.09542,0.0,FAIR,0.04771
no_tumor_sa,960,92.1842,0.05644,0.0,FAIR,0.02822
no_tumor_sa,1000,114.6121,0.01236,0.0,FAIR,0.00618
pituitary_ax,0,323.1486,0.0,0.0,FAIR,0.0
pituitary_ax,48,204.7009,0.0,0.0,FAIR,0.0
pituitary_ax,96,59.5983,0.06974,0.0,GOOD,0.03487
pituitary_ax,144,81.8097,0.08952,0.0,FAIR,0.04476
pituitary_ax,192,31.7507,0.33454,0.002347,EXCELLENT,0.1684435
pituitary_ax,240,29.3144,0.416,0.004695,EXTRAORDINARY,0.2103475
pituitary_ax,288,28.3998,0.48112,0.021127,EXTRAORDINARY,0.2511235
pituitary_ax,336,27.5257,0.47702,0.021127,EXTRAORDINARY,0.2490735
pituitary_ax,384,28.2268,0.47552,0.021127,EXTRAORDINARY,0.2483235
pituitary_ax,432,31.1917,0.45258,0.032864,EXCELLENT,0.242722
pituitary_ax,480,32.2548,0.41138,0.030516,EXCELLENT,0.220948
pituitary_ax,528,34.1401,0.35792,0.011737,EXCELLENT,0.1848285
pituitary_ax,576,36.3077,0.32608,0.016432,EXCELLENT,0.171256
pituitary_ax,624,34.5326,0.33236,0.021127,EXCELLENT,0.1767435
pituitary_ax,672,35.7036,0.31532,0.0,EXCELLENT,0.15766
pituitary_ax,720,35.5785,0.32162,0.007042,EXCELLENT,0.164331
pituitary_ax,768,36.6904,0.34546,0.007042,EXCELLENT,0.176251
pituitary_ax,816,38.7602,0.33592,0.007042,EXCELLENT,0.171481
pituitary_ax,864,35.1521,0.35516,0.004695,EXCELLENT,0.1799275
pituitary_ax,912,35.0943,0.32826,0.004695,EXCELLENT,0.1664775
pituitary_ax,960,35.7987,0.36074,0.004695,EXCELLENT,0.1827175
pituitary_ax,1000,36.339,0.34288,0.018779,EXCELLENT,0.1808295
pituitary_co,0,369.0808,0.00496,0.0,FAIR,0.00248
pituitary_co,48,220.7925,8e-05,0.0,FAIR,4e-05
pituitary_co,96,59.6612,0.10312,0.0,GOOD,0.05156
pituitary_co,144,34.4543,0.2629,0.009804,EXCELLENT,0.136352
pituitary_co,192,29.3808,0.359,0.031373,EXTRAORDINARY,0.19518649999999999
pituitary_co,240,32.2894,0.34548,0.037255,EXCELLENT,0.1913675
pituitary_co,288,34.359,0.32698,0.047059,EXCELLENT,0.1870195
pituitary_co,336,36.0421,0.31348,0.056863,EXCELLENT,0.1851715
pituitary_co,384,34.9447,0.31528,0.045098,EXCELLENT,0.180189
pituitary_co,432,42.1246,0.25354,0.064706,EXCELLENT,0.159123
pituitary_co,480,36.8285,0.24148,0.04902,EXCELLENT,0.14525
pituitary_co,528,37.1199,0.21692,0.031373,EXCELLENT,0.12414649999999999
pituitary_co,576,38.0772,0.20772,0.035294,EXCELLENT,0.12150699999999999
pituitary_co,624,38.0233,0.22422,0.05098,EXCELLENT,0.1376
pituitary_co,672,36.6827,0.24012,0.031373,EXCELLENT,0.1357465
pituitary_co,720,36.1747,0.22454,0.029412,EXCELLENT,0.126976
pituitary_co,768,35.1947,0.26072,0.039216,EXCELLENT,0.149968
pituitary_co,816,33.1817,0.26604,0.031373,EXCELLENT,0.1487065
pituitary_co,864,35.0779,0.2637,0.015686,EXCELLENT,0.13969299999999998
pituitary_co,912,34.1386,0.2714,0.039216,EXCELLENT,0.155308
pituitary_co,960,32.8027,0.27966,0.021569,EXCELLENT,0.1506145
pituitary_co,1000,30.834,0.28266,0.029412,EXCELLENT,0.156036
pituitary_sa,0,374.8072,0.0,0.0,FAIR,0.0
pituitary_sa,48,200.2584,0.0,0.0,FAIR,0.0
pituitary_sa,96,78.2244,0.02876,0.001919,FAIR,0.0153395
pituitary_sa,144,48.8575,0.14026,0.005758,EXCELLENT,0.073009
pituitary_sa,192,46.3919,0.3007,0.013436,EXCELLENT,0.157068
pituitary_sa,240,52.1748,0.26566,0.036468,GOOD,0.151064
pituitary_sa,288,50.312,0.2172,0.034549,GOOD,0.1258745
pituitary_sa,336,53.7018,0.19034,0.019194,GOOD,0.104767
pituitary_sa,384,59.1485,0.13134,0.021113,GOOD,0.0762265
pituitary_sa,432,61.0019,0.09292,0.015355,GOOD,0.054137500000000005
pituitary_sa,480,64.5017,0.07738,0.015355,GOOD,0.046367500000000006
pituitary_sa,528,66.0124,0.06198,0.017274,GOOD,0.039627
pituitary_sa,576,63.885,0.07382,0.003839,GOOD,0.038829499999999996
pituitary_sa,624,60.827,0.08248,0.015355,GOOD,0.0489175
pituitary_sa,672,63.5382,0.07806,0.021113,GOOD,0.049586500000000006
pituitary_sa,720,63.0832,0.08264,0.009597,GOOD,0.0461185
pituitary_sa,768,69.2609,0.06828,0.011516,GOOD,0.039897999999999996
pituitary_sa,816,75.9504,0.04754,0.003839,FAIR,0.0256895
pituitary_sa,864,67.7045,0.0747,0.003839,GOOD,0.0392695
pituitary_sa,912,68.7378,0.06512,0.003839,GOOD,0.034479499999999996
pituitary_sa,960,73.2873,0.0452,0.005758,GOOD,0.025478999999999998
pituitary_sa,1000,64.0917,0.0782,0.0,GOOD,0.0391
